Year,Title,Character Name,Sex,Gender,Sexual Orientation,Age,Race,Occupation,Role,Death,Explanation_Death,Homosexual physical touch,Explanation_Physical Touch,Homosexual kiss,Explanation_Kiss,Homosexual sex,Explanation_Sex,Words,Explanation_Stated Gay,Same-sex partner,Explanation_Partner
1990,Europa Europa,Robert Kellerman,Male,Male,Gay,20s,White,Soldier,Supporting,No,,No,,No,,No,,No,,No,
1990,Miller's Crossing,Bernie Bernbaum,Male,Male,Gay,30s,White,Bookkeeper,Supporting,Yes,He is killed by Tom Reagan in the woods.,No,,No,,No,,Yes,Implied through his relationship with Mink Larouie.,Yes,Has a relationship with Mink Larouie.
1990,Miller's Crossing,Eddie Dane,Male,Male,Gay,40s,White,Gangster,Antagonist,Yes,He is killed in a shootout.,No,,No,,No,,Yes,Implied through his interactions with Mink Larouie.,Yes,Implied he has a relationship with Mink Larouie.
1990,Miller's Crossing,Mink Larouie,Male,Male,Gay,30s,White,Gangster,Supporting,Yes,He is killed off-screen.,No,,No,,No,,Yes,Implied through his relationships with Bernie and Eddie.,Yes,Has relationships with Bernie Bernbaum and Eddie Dane.
1990,Q & A,Josè Malpica,Male,Male,Gay,30s,Hispanic,Drag Performer,Supporting,Yes,He is killed in a confrontation with Detective Brennan.,No,,No,,No,,No,,No,
1990,Q & A,Roger Montalvo,Male,Male,Gay,30s,Latino,Lawyer,Supporting,No,,No,,No,,No,,No,,No,
1991,The Adjuster,Larry,Male,Male,Gay,30s,White,Insurance Adjuster,Supporting,No,,No,,No,,No,,No,,No,
1991,Edward II,Edward II,Male,Male,Gay,40s,White,King,Protagonist,Yes,He is executed.,Yes,He is seen caressing Piers Gaveston.,Yes,Kisses Piers Gaveston.,Yes,Has sexual relations with Piers Gaveston.,Yes,Multiple characters reference his relationship with Piers Gaveston.,Yes,Has a relationship with Piers Gaveston.
1991,Edward II,Piers Gaveston,Male,Male,Gay,30s,White,Noble,Supporting,Yes,He is executed.,Yes,He is seen caressing Edward II.,Yes,Kisses Edward II.,Yes,Has sexual relations with Edward II.,Yes,Multiple characters reference his relationship with Edward II.,Yes,Has a relationship with Edward II.
1991,The Fisher King,Homeless Cabaret Singer,Male,Male,Gay,50s,Black,Performer,Supporting,No,,Yes,Performs in drag and touches other men during the performance.,Yes,Kisses another man during the performance.,No,,No,,No,
1991,Frankie and Johnny,Tim,Male,Male,Gay,20s,White,Waiter,Supporting,No,,No,,No,,No,,Yes,It is mentioned that he is gay.,No,
1991,The Hours and Times,Brian Epstein,Male,Male,Gay,30s,White,Music Manager,Protagonist,No,,Yes,Touches John Lennon affectionately.,Yes,Kisses John Lennon.,No,,Yes,His homosexuality is discussed in the film.,No,
1991,JFK,Willie O'Keefe,Male,Male,Bisexual,20s,White,Prisoner,Supporting,No,,Yes,Engages in physical affection with other men.,Yes,Kisses other men.,Yes,Has sexual relations with other men.,Yes,Described as a male prostitute.,Yes,Has relationships with various men.
1991,JFK,Clay Shaw,Male,Male,Gay,50s,White,Businessman,Antagonist,No,,Yes,Engages in physical affection with other men.,Yes,Kisses other men.,Yes,Has sexual relations with other men.,Yes,His homosexuality is discussed in the film.,Yes,Has relationships with various men.
1991,Madonna: Truth or Dare,Himself,Male,Male,Gay,30s,White,Singer,Other,No,,Yes,Seen engaging in physical affection with men.,Yes,Kisses men.,Yes,Implied sexual relations with men.,Yes,Described as being gay.,Yes,Implied relationships with various men.
1991,Madonna: Truth or Dare,Himself,Male,Male,Gay,30s,White,Singer,Other,No,,Yes,Seen engaging in physical affection with men.,Yes,Kisses men.,Yes,Implied sexual relations with men.,Yes,Described as being gay.,Yes,Implied relationships with various men.
1991,My Own Private Idaho,Mike Waters,Male,Male,Gay,20s,White,Street Hustler,Protagonist,Yes,Dies at the end of the film.,Yes,Seen engaging in physical affection with Scott.,Yes,Kisses Scott.,Yes,Has sexual relations with Scott.,Yes,Discusses his attraction to men.,Yes,Has a relationship with Scott.
1991,Naked Lunch,Yves Cloquet,Male,Male,Gay,30s,White,Writer's Muse,Supporting,No,,Yes,Involved in physical touch with other men.,Yes,Kisses other men.,Yes,Has sexual relations with other men.,Yes,Discussed as a homosexual in the film.,Yes,Has relationships with various men.
1991,The Prince of Tides,Eddie Detreville,Male,Male,Gay,40s,White,Designer,Supporting,No,,No,,No,,No,,No,,No,
1991,Queens Logic,Eliot,Male,Male,Gay,30s,White,Photographer,Supporting,No,,Yes,Involved in physical touch with other men.,Yes,Kisses other men.,Yes,Has sexual relations with other men.,Yes,Discussed as a homosexual in the film.,Yes,Has relationships with various men.
1991,Young Soul Rebels,Caz,Male,Male,Gay,20s,Black,DJ,Protagonist,No,,Yes,Seen engaging in physical touch with other men.,Yes,Kisses other men.,Yes,Has sexual relations with other men.,Yes,Discussed as a homosexual in the film.,Yes,Has relationships with various men.
1992,Being at Home with Claude,Yves,Male,Male,Gay,20s,White,Prostitute,Protagonist,Yes,Killed by Claude.,Yes,Involved in physical touch with Claude.,Yes,Kisses Claude.,Yes,Has sexual relations with Claude.,Yes,Discussed as a homosexual in the film.,Yes,Has a relationship with Claude.
1992,Being at Home with Claude,Claude,Male,Male,Gay,20s,White,Prostitute,Protagonist,No,,Yes,Involved in physical touch with Yves.,Yes,Kisses Yves.,Yes,Has sexual relations with Yves.,Yes,Discussed as a homosexual in the film.,Yes,Has a relationship with Yves.
1992,Inside Monkey Zetterland,Brent Zetterland,Male,Male,Gay,30s,White,Writer,Protagonist,No,,Yes,Engages in physical touch with other men.,Yes,Kisses other men.,Yes,Has sexual relations with other men.,Yes,His homosexuality is discussed in the film.,Yes,Has relationships with various men.
1992,The Living End,Jon,Male,Male,Gay,20s,White,Drifter,Protagonist,No,,Yes,Involved in physical touch with Luke.,Yes,Kisses Luke.,Yes,Has sexual relations with Luke.,Yes,Discussed as a homosexual in the film.,Yes,Has a relationship with Luke.
1992,The Living End,Luke,Male,Male,Gay,20s,White,Drifter,Protagonist,No,,Yes,Involved in physical touch with Jon.,Yes,Kisses Jon.,Yes,Has sexual relations with Jon.,Yes,Discussed as a homosexual in the film.,Yes,Has a relationship with Jon.
1992,The Long Day Closes,Bud,Male,Male,Gay,Teens,White,Student,Protagonist,No,,No,,No,,No,,Yes,His homosexuality is implied in the film.,No,
1992,Passed Away,Boyd Pinter,Male,Male,Gay,30s,White,Lawyer,Supporting,No,,No,,No,,No,,Yes,His homosexuality is mentioned in the film.,No,
1992,Peter's Friends,Peter,Male,Male,Gay,30s,White,Actor,Protagonist,No,,Yes,Engages in physical touch with his partner.,Yes,Kisses his partner.,Yes,Has sexual relations with his partner.,Yes,Discussed as a homosexual in the film.,Yes,Has a relationship with his partner.
1992,Single White Female,Graham Knox,Male,Male,Gay,30s,White,Neighbor,Supporting,Yes,He is murdered by Hedy.,No,,No,,No,,Yes,Discussed as a homosexual in the film.,Yes,Has a relationship with his partner.
1992,Swoon,Richard Loeb,Male,Male,Gay,20s,White,Criminal,Protagonist,Yes,Executed for murder.,Yes,Engages in physical touch with Nathan Leopold Jr.,Yes,Kisses Nathan Leopold Jr.,Yes,Has sexual relations with Nathan Leopold Jr.,Yes,Discussed as a homosexual in the film.,Yes,Has a relationship with Nathan Leopold Jr.
1992,Swoon,Nathan Leopold Jr.,Male,Male,Gay,20s,White,Criminal,Protagonist,Yes,Executed for murder.,Yes,Engages in physical touch with Richard Loeb.,Yes,Kisses Richard Loeb.,Yes,Has sexual relations with Richard Loeb.,Yes,Discussed as a homosexual in the film.,Yes,Has a relationship with Richard Loeb.
1992,When the Party's Over,Banks,Male,Male,Gay,20s,White,Artist,Supporting,No,,Yes,Engages in physical touch with other men.,Yes,Kisses other men.,Yes,Has sexual relations with other men.,Yes,Discussed as a homosexual in the film.,Yes,Has relationships with various men.
1993,Blue,Himself,Male,Male,Gay,30s,White,Filmmaker,Other,Yes,Dies from AIDS.,Yes,Seen engaging in physical touch with other men.,Yes,Kisses other men.,Yes,Has sexual relations with other men.,Yes,Discussed as a homosexual in the film.,Yes,Has relationships with various men.
1993,Even Cowgirls Get the Blues,The Countess,Male,Male,Gay,40s,White,Entrepreneur,Supporting,No,,Yes,Engages in physical touch with other men.,Yes,Kisses other men.,Yes,Has sexual relations with other men.,Yes,Discussed as a homosexual in the film.,Yes,Has relationships with various men.
1993,Farewell My Concubine,Cheng Dieyi,Male,Male,Gay,30s,Asian,Opera Singer,Protagonist,Yes,Commits suicide.,Yes,Engages in physical touch with other men.,Yes,Kisses other men.,Yes,Has sexual relations with other men.,Yes,Discussed as a homosexual in the film.,Yes,Has relationships with various men.
1993,Grief,Mark,Male,Male,Gay,30s,White,TV Editor,Protagonist,Yes,Commits suicide.,Yes,Engages in physical touch with other men.,Yes,Kisses other men.,Yes,Has sexual relations with other men.,Yes,Discussed as a homosexual in the film.,Yes,Has relationships with various men.
1993,Love and Human Remains,David McMillan,Male,Male,Gay,30s,White,Waiter,Protagonist,No,,Yes,Engages in physical touch with other men.,Yes,Kisses other men.,Yes,Has sexual relations with other men.,Yes,Discussed as a homosexual in the film.,Yes,Has relationships with various men.
1993,M. Butterfly,René Gallimard,Male,Male,Straight (questioned),40s,White,Diplomat,Protagonist,Yes,Commits suicide.,Yes,Engages in physical touch with Song Liling.,Yes,Kisses Song Liling.,Yes,Has sexual relations with Song Liling.,Yes,Discussed as a homosexual in the film.,Yes,Has a relationship with Song Liling.
1993,M. Butterfly,Song Liling,Male,Male,Gay,30s,Asian,Opera Singer,Protagonist,No,,Yes,Engages in physical touch with René Gallimard.,Yes,Kisses René Gallimard.,Yes,Has sexual relations with René Gallimard.,Yes,Discussed as a homosexual in the film.,Yes,Has a relationship with René Gallimard.
1993,Mrs. Doubtfire,Frank,Male,Male,Gay,40s,White,Makeup Artist,Supporting,No,,Yes,Engages in physical touch with Jack.,Yes,Kisses Jack.,Yes,Implied sexual relations with Jack.,Yes,Discussed as a homosexual in the film.,Yes,Has a relationship with Jack.
1993,Mrs. Doubtfire,Jack,Male,Male,Gay,40s,White,Makeup Artist,Supporting,No,,Yes,Engages in physical touch with Frank.,Yes,Kisses Frank.,Yes,Implied sexual relations with Frank.,Yes,Discussed as a homosexual in the film.,Yes,Has a relationship with Frank.
1993,Naked in New York,Chris,Male,Male,Gay,20s,White,Writer,Supporting,No,,Yes,Engages in physical touch with other men.,Yes,Kisses other men.,Yes,Has sexual relations with other men.,Yes,Discussed as a homosexual in the film.,Yes,Has relationships with various men.
1993,Philadelphia,Andrew Beckett,Male,Male,Gay,30s,White,Lawyer,Protagonist,Yes,Dies from AIDS.,Yes,Engages in physical touch with Miguel Alvarez.,Yes,Kisses Miguel Alvarez.,Yes,Has sexual relations with Miguel Alvarez.,Yes,Discussed as a homosexual in the film.,Yes,Has a relationship with Miguel Alvarez.
1993,Philadelphia,Miguel Alvarez,Male,Male,Gay,30s,Latino,Architect,Supporting,No,,Yes,Engages in physical touch with Andrew Beckett.,Yes,Kisses Andrew Beckett.,Yes,Has sexual relations with Andrew Beckett.,Yes,Discussed as a homosexual in the film.,Yes,Has a relationship with Andrew Beckett.
1993,Six Degrees of Separation,Paul,Male,Male,Gay,20s,Black,Con Artist,Antagonist,No,,Yes,Engages in physical touch with various men.,Yes,Kisses various men.,Yes,Has sexual relations with various men.,Yes,Discussed as a homosexual in the film.,Yes,Has relationships with various men.
1993,This Boy's Life,Arthur Gayle,Male,Male,Gay,Teens,White,Student,Supporting,No,,Yes,Engages in physical touch with other boys.,Yes,Kisses other boys.,Yes,Implied sexual relations with other boys.,Yes,Discussed as a homosexual in the film.,Yes,Has relationships with various boys.
1993,The Wedding Banquet,Wai-Tung Gao,Male,Male,Gay,30s,Asian,Businessman,Protagonist,No,,Yes,Engages in physical touch with Simon.,Yes,Kisses Simon.,Yes,Has sexual relations with Simon.,Yes,Discussed as a homosexual in the film.,Yes,Has a relationship with Simon.
1994,"The Adventures of Priscilla, Queen of the Desert","Anthony ""Tick"" Belrose/Mitzi Del Bra",Male,Transgender,Gay,30s,White,Drag Queen,Protagonist,No,,Yes,Engages in physical touch with various men.,Yes,Kisses various men.,Yes,Implied sexual relations with various men.,Yes,Discussed as a homosexual in the film.,Yes,Has relationships with various men.
1994,Der bewegte Mann,Norbert Brommer,Male,Male,Gay,30s,White,Unknown,Supporting,No,,Yes,Engages in physical touch with other men.,Yes,Kisses other men.,Yes,Implied sexual relations with other men.,Yes,Discussed as a homosexual in the film.,Yes,Has relationships with various men.
1994,Der bewegte Mann,Horst/Metzger,Male,Male,Gay,30s,White,Unknown,Supporting,No,,Yes,Engages in physical touch with Walter/Waltraud.,Yes,Kisses Walter/Waltraud.,Yes,Has sexual relations with Walter/Waltraud.,Yes,Discussed as a homosexual in the film.,Yes,Has relationships with Walter/Waltraud.
1994,Der bewegte Mann,Walter/Waltraud,Male,Transgender,Gay,30s,White,Unknown,Supporting,No,,Yes,Engages in physical touch with Horst/Metzger.,Yes,Kisses Horst/Metzger.,Yes,Has sexual relations with Horst/Metzger.,Yes,Discussed as a homosexual in the film.,Yes,Has relationships with Horst/Metzger.
1994,Double Happiness,Andrew Chau,Male,Male,Gay,20s,Asian,Actor,Supporting,No,,No,,No,,No,,Yes,Described as a homosexual in the film.,No,
1994,Drunken Master III,Gay bus passenger,Male,Male,Gay,Unknown,Asian,Passenger,Other,No,,Yes,Engages in physical touch with other men.,No,,No,,No,,No,
1994,Ed Wood,"John ""Bunny"" Breckinridge",Male,Transgender,Gay,50s,White,Actor,Supporting,No,,Yes,Engages in physical touch with other men.,Yes,Kisses other men.,Yes,Has sexual relations with other men.,Yes,Discussed as a homosexual in the film.,Yes,Has relationships with other men.
1994,Four Weddings and a Funeral,Gareth,Male,Male,Gay,40s,White,Unknown,Supporting,No,,Yes,Engages in physical touch with other men.,Yes,Kisses other men.,Yes,Implied sexual relations with other men.,Yes,Discussed as a homosexual in the film.,Yes,Has relationships with other men.
1994,Four Weddings and a Funeral,Matthew,Male,Male,Gay,30s,White,Unknown,Supporting,No,,Yes,Engages in physical touch with other men.,Yes,Kisses other men.,Yes,Has sexual relations with other men.,Yes,Discussed as a homosexual in the film.,Yes,Has relationships with other men.
1994,A Man of No Importance,Alfred Byrne,Male,Male,Gay,40s,White,Bus Conductor,Protagonist,No,,Yes,Engages in physical touch with other men.,Yes,Kisses other men.,Yes,Has sexual relations with other men.,Yes,Discussed as a homosexual in the film.,Yes,Has relationships with other men.
1994,Oh! My Three Guys,Ching Yu-hoi,Male,Male,Gay,20s,Asian,Unknown,Protagonist,No,,Yes,Engages in physical touch with Fa and Kau Ku-neung.,No,,No,,Yes,Discussed as a homosexual in the film.,No,
1994,Oh! My Three Guys,Fa,Male,Male,Gay,20s,Asian,Unknown,Supporting,No,,Yes,Engages in physical touch with Ching Yu-hoi.,No,,No,,Yes,Discussed as a homosexual in the film.,No,
1994,Oh! My Three Guys,Kau Ku-neung,Male,Male,Gay,20s,Asian,Unknown,Supporting,No,,Yes,Engages in physical touch with Ching Yu-hoi.,No,,No,,Yes,Discussed as a homosexual in the film.,No,
1994,Prêt-à-Porter,Cy Bianco,Male,Male,Gay,30s,White,Designer,Supporting,No,,Yes,Engages in physical touch with Cort Romney.,Yes,Kisses Cort Romney.,Yes,Has sexual relations with Cort Romney.,Yes,Discussed as a homosexual in the film.,Yes,Has a relationship with Cort Romney.
1994,Prêt-à-Porter,Cort Romney,Male,Male,Gay,30s,White,Photographer,Supporting,No,,Yes,Engages in physical touch with Cy Bianco.,Yes,Kisses Cy Bianco.,Yes,Has sexual relations with Cy Bianco.,Yes,Discussed as a homosexual in the film.,Yes,Has a relationship with Cy Bianco.
1994,Priest,Father Greg Pilkington,Male,Male,Gay,30s,White,Priest,Protagonist,No,,Yes,Engages in physical touch with Graham.,Yes,Kisses Graham.,Yes,Implied sexual relations with Graham.,Yes,Discussed as a homosexual in the film.,Yes,Has a relationship with Graham.
1994,Priest,Graham,Male,Male,Gay,20s,White,Unknown,Supporting,No,,Yes,Engages in physical touch with Father Greg Pilkington.,Yes,Kisses Father Greg Pilkington.,Yes,Implied sexual relations with Father Greg Pilkington.,Yes,Discussed as a homosexual in the film.,Yes,Has a relationship with Father Greg Pilkington.
1994,Pulp Fiction,Zed,Male,Male,Unknown,40s,White,Security Guard,Antagonist,Yes,Killed by Butch.,No,,No,,No,,No,,No,
1994,Reality Bites,Sammy Gray,Male,Male,Gay,20s,White,Graduate,Supporting,No,,Yes,Engages in physical touch with other men.,Yes,Kisses other men.,Yes,Has sexual relations with other men.,Yes,Discussed as a homosexual in the film.,Yes,Has relationships with various men.
1994,The Sum of Us,Jeff Mitchell,Male,Male,Gay,20s,White,Plumber,Protagonist,No,,Yes,Engages in physical touch with other men.,Yes,Kisses other men.,Yes,Has sexual relations with other men.,Yes,Discussed as a homosexual in the film.,Yes,Has relationships with various men.
1994,Threesome,Eddy,Male,Male,Bisexual,20s,White,Student,Protagonist,No,,Yes,Engages in physical touch with other men.,Yes,Kisses other men.,Yes,Has sexual relations with other men.,Yes,Discussed as a homosexual in the film.,Yes,Has relationships with various men.
1994,Trevor,Trevor,Male,Male,Gay,Teens,White,Student,Protagonist,No,,Yes,Engages in physical touch with other men.,Yes,Kisses other men.,Yes,Has sexual relations with other men.,Yes,Discussed as a homosexual in the film.,Yes,Has relationships with various men.
1994,Uncovered,César,Male,Male,Gay,30s,Hispanic,Art Restorer,Supporting,No,,Yes,Engages in physical touch with other men.,Yes,Kisses other men.,Yes,Has sexual relations with other men.,Yes,Discussed as a homosexual in the film.,Yes,Has relationships with various men.
1994,Wagons East,Julian Rogers,Male,Male,Gay,30s,White,Bookseller,Supporting,No,,Yes,Engages in physical touch with other men.,Yes,Kisses other men.,Yes,Has sexual relations with other men.,Yes,Discussed as a homosexual in the film.,Yes,Has relationships with various men.
1994,Wild Reeds,François Forestier,Male,Male,Gay,Teens,White,Student,Supporting,No,,Yes,Engages in physical touch with other men.,Yes,Kisses other men.,Yes,Has sexual relations with other men.,Yes,Discussed as a homosexual in the film.,Yes,Has relationships with other men.
1995,An Awfully Big Adventure,Meredith Potter,Male,Male,Gay,40s,White,Theater Director,Antagonist,No,,Yes,Engages in physical touch with other men.,Yes,Kisses other men.,Yes,Has sexual relations with other men.,Yes,Discussed as a homosexual in the film.,Yes,Has relationships with other men.
1995,The Basketball Diaries,Swifty,Male,Male,Gay,Teens,White,Student,Supporting,No,,Yes,Engages in physical touch with other men.,Yes,Kisses other men.,Yes,Implied sexual relations with other men.,Yes,Discussed as a homosexual in the film.,Yes,Has relationships with other men.
1995,Billy Madison,Max Anderson,Male,Male,Gay,30s,White,Business Executive,Supporting,No,,Yes,Engages in physical touch with other men.,Yes,Kisses other men.,Yes,Implied sexual relations with other men.,Yes,Discussed as a homosexual in the film.,Yes,Has relationships with other men.
1995,Braveheart,Prince Edward,Male,Male,Gay,20s,White,Royalty,Supporting,No,,No,,No,,No,,No,,No,
1995,Carrington,Lytton Strachey,Male,Male,Gay,40s,White,Author,Protagonist,Yes,Dies from cancer.,Yes,Engages in physical touch with other men.,Yes,Kisses other men.,Yes,Has sexual relations with other men.,Yes,Discussed as a homosexual in the film.,Yes,Has relationships with other men.
1995,Clueless,Christian Stovitz,Male,Male,Gay,Teens,White,Student,Supporting,No,,Yes,Engages in physical touch with other men.,Yes,Kisses other men.,Yes,Implied sexual relations with other men.,Yes,Discussed as a homosexual in the film.,Yes,Has relationships with other men.
1995,Home for the Holidays,Tommy Larson,Male,Male,Gay,30s,White,Photographer,Supporting,No,,Yes,Engages in physical touch with Jack.,Yes,Kisses Jack.,Yes,Implied sexual relations with Jack.,Yes,Discussed as a homosexual in the film.,Yes,Has a relationship with Jack.
1995,Home for the Holidays,Jack,Male,Male,Gay,30s,White,Unknown,Supporting,No,,Yes,Engages in physical touch with Tommy Larson.,Yes,Kisses Tommy Larson.,Yes,Implied sexual relations with Tommy Larson.,Yes,Discussed as a homosexual in the film.,Yes,Has a relationship with Tommy Larson.
1995,Jefferson in Paris,Richard Cosway,Male,Male,Gay,40s,White,Artist,Supporting,No,,Yes,Engages in physical touch with other men.,Yes,Kisses other men.,Yes,Implied sexual relations with other men.,Yes,Discussed as a homosexual in the film.,Yes,Has relationships with other men.
1995,Jeffrey,Darius,Male,Male,Gay,30s,Black,Actor,Supporting,No,,Yes,Engages in physical touch with other men.,Yes,Kisses other men.,Yes,Has sexual relations with other men.,Yes,Discussed as a homosexual in the film.,Yes,Has relationships with other men.
1995,Jeffrey,Steve Howard,Male,Male,Gay,30s,White,Gym Instructor,Supporting,No,,Yes,Engages in physical touch with Jeffrey and Sterling.,No,,No,,No,,No,
1995,Jeffrey,Jeffrey,Male,Male,Gay,30s,White,Waiter,Protagonist,No,,Yes,Engages in physical touch with Steve Howard and Sterling.,No,,No,,No,,No,
1995,Jeffrey,Sterling,Male,Male,Gay,40s,White,Decorator,Supporting,No,,Yes,Engages in physical touch with Steve Howard and Jeffrey.,No,,No,,No,,No,
1995,Nixon,J. Edgar Hoover,Male,Male,Gay,70s,White,Director of FBI,Supporting,Yes,Dies of a heart attack.,No,,No,,No,,No,,No,
1995,Party Girl,Derrick,Male,Male,Gay,20s,Black,Librarian,Supporting,No,,Yes,Engages in physical touch with other men.,No,,No,,No,,No,
1995,Stonewall,La Miranda,Male,Transgender,Gay,20s,Latino,Drag Queen,Protagonist,No,,Yes,Engages in physical touch with other men.,No,,No,,No,,No,
1995,Stonewall,Matty Dean,Male,Male,Gay,30s,White,Activist,Protagonist,No,,Yes,Engages in physical touch with other men.,No,,No,,No,,No,
1995,Stonewall,Vinnie,Male,Male,Gay,30s,White,Bar Owner,Supporting,No,,Yes,Engages in physical touch with other men.,No,,No,,No,,No,
1995,Stonewall,Bostonia,Male,Transgender,Gay,30s,Black,Drag Queen,Supporting,No,,Yes,Engages in physical touch with other men.,No,,No,,No,,No,
1995,Stonewall,Ethan,Male,Male,Gay,20s,White,Activist,Supporting,No,,Yes,Engages in physical touch with other men.,No,,No,,No,,No,
1995,"To Wong Foo, Thanks for Everything! Julie Newmar",Vida Boheme,Male,Transgender,Gay,30s,White,Drag Queen,Protagonist,No,,Yes,Engages in physical touch with other characters.,Yes,Kisses Noxeema Jackson.,Yes,Implied sexual relations with Noxeema Jackson.,Yes,Discussed as a homosexual in the film.,Yes,Has relationships with Noxeema Jackson.
1995,"To Wong Foo, Thanks for Everything! Julie Newmar",Noxeema Jackson,Male,Transgender,Gay,30s,Black,Drag Queen,Protagonist,No,,Yes,Engages in physical touch with other characters.,Yes,Kisses Vida Boheme.,Yes,Implied sexual relations with Vida Boheme.,Yes,Discussed as a homosexual in the film.,Yes,Has relationships with Vida Boheme.
1995,Total Eclipse,Arthur Rimbaud,Male,Male,Gay,20s,White,Poet,Protagonist,Yes,Dies of cancer.,No,,No,,No,,No,,No,
1995,Waiting to Exhale,David Matthews,Male,Male,Gay,30s,White,Music Producer,Supporting,No,,Yes,Engages in physical touch with other men.,No,,No,,No,,No,
1996,Beautiful Thing,Ste Pearce,Male,Male,Gay,Teens,White,Student,Protagonist,No,,Yes,Engages in physical touch with Jamie Gangel.,No,,No,,No,,No,
1996,Beautiful Thing,Jamie Gangel,Male,Male,Gay,Teens,White,Student,Protagonist,No,,Yes,Engages in physical touch with Ste Pearce.,No,,No,,No,,No,
1996,The Birdcage,Agador,Male,Male,Gay,20s,Latino,Housekeeper,Supporting,No,,Yes,Engages in physical touch with other characters.,No,,No,,No,,No,
1996,The Birdcage,Albert Goldman,Male,Male,Gay,50s,White,Drag Queen,Protagonist,No,,Yes,Engages in physical touch with Armand Goldman.,No,,No,,No,,No,
1996,The Birdcage,Armand Goldman,Male,Male,Gay,50s,White,Nightclub Owner,Protagonist,No,,Yes,Engages in physical touch with Albert Goldman.,Yes,Kisses Albert Goldman.,Yes,Implied sexual relations with Albert Goldman.,Yes,Discussed as a homosexual in the film.,Yes,Has relationships with Albert Goldman.
1996,Dream for an Insomniac,Rob,Male,Male,Gay,20s,White,Waiter,Supporting,No,,Yes,Engages in physical touch with other men.,Yes,Kisses other men.,Yes,Implied sexual relations with other men.,Yes,Discussed as a homosexual in the film.,Yes,Has relationships with other men.
1996,Flirting with Disaster,Paul Harmon,Male,Male,Gay,30s,White,Federal Agent,Supporting,No,,Yes,Engages in physical touch with other men.,Yes,Kisses Tony Kent.,Yes,Implied sexual relations with Tony Kent.,Yes,Discussed as a homosexual in the film.,Yes,Has relationships with Tony Kent.
1996,Flirting with Disaster,Tony Kent,Male,Male,Gay,30s,White,Federal Agent,Supporting,No,,Yes,Engages in physical touch with other men.,Yes,Kisses Paul Harmon.,Yes,Implied sexual relations with Paul Harmon.,Yes,Discussed as a homosexual in the film.,Yes,Has relationships with Paul Harmon.
1996,Get on the Bus,Kyle,Male,Male,Gay,30s,Black,Actor,Supporting,No,,Yes,Engages in physical touch with Randall.,No,,No,,No,,No,
1996,Get on the Bus,Randall,Male,Male,Gay,30s,Black,Lawyer,Supporting,No,,Yes,Engages in physical touch with Kyle.,No,,No,,No,,No,
1996,Hollow Reed,Martyn Wyatt,Male,Male,Gay,30s,White,Doctor,Protagonist,No,,Yes,Engages in physical touch with Tom Dixon.,No,,No,,No,,No,
1996,Hollow Reed,Tom Dixon,Male,Male,Gay,30s,White,Artist,Supporting,No,,Yes,Engages in physical touch with Martyn Wyatt.,No,,No,,No,,No,
1996,I Shot Andy Warhol,Andy Warhol,Male,Male,Gay,40s,White,Artist,Supporting,No,,Yes,Engages in physical touch with other characters.,No,,No,,No,,No,
1996,Indian Summer,Tonio,Male,Male,Gay,30s,Latino,Cook,Supporting,No,,Yes,Engages in physical touch with Jack and Ramon.,No,,No,,No,,No,
1996,Indian Summer,Jack,Male,Male,Gay,30s,White,Camp Counselor,Supporting,No,,Yes,Engages in physical touch with Tonio and Ramon.,No,,No,,No,,No,
1996,Indian Summer,Ramon,Male,Male,Gay,30s,Latino,Dancer,Supporting,No,,Yes,Engages in physical touch with Tonio and Jack.,No,,No,,No,,No,
1996,It's My Party,Nick Stark,Male,Male,Gay,30s,White,Architect,Protagonist,Yes,Dies of AIDS-related complications.,No,,No,,No,,No,,No,
1996,Johns,Donner,Male,Male,Gay,20s,White,Prostitute,Protagonist,No,,Yes,Engages in physical touch with other men.,No,,No,,No,,No,
1996,Mrs. Winterbourne,Paco,Male,Male,Gay,20s,Latino,Butler,Supporting,No,,Yes,Engages in physical touch with other men.,No,,No,,No,,No,
1996,Mulholland Falls,Jimmy Fields,Male,Male,Gay,40s,White,Investigator,Supporting,Yes,Shot and killed.,No,,No,,No,,No,,No,
1996,Sling Blade,Vaughn Cunningham,Male,Male,Gay,30s,White,Manager,Supporting,No,,Yes,Engages in physical touch with other characters.,No,,No,,No,,No,
1996,Stealing Beauty,Alex Parrish,Male,Male,Gay,30s,White,Artist,Supporting,No,,Yes,Engages in physical touch with other characters.,No,,No,,No,,No,
1996,When the Cat's Away,Michel,Male,Male,Gay,30s,White,Musician,Supporting,No,,Yes,Engages in physical touch with other characters.,No,,No,,No,,No,
1996,"Who's the Woman, Who's the Man?",Auntie,Male,Transgender,Gay,40s,Asian,Performer,Supporting,No,,Yes,Engages in physical touch with other characters.,No,,No,,No,,No,
1997,All Over Me,Luke,Male,Male,Gay,Teens,White,Musician,Supporting,No,,Yes,Engages in physical touch with Jesse.,No,,No,,No,,No,
1997,All Over Me,Jesse,Male,Male,Gay,Teens,White,Student,Supporting,No,,Yes,Engages in physical touch with Luke.,No,,No,,No,,No,
1997,As Good as It Gets,Simon Bishop,Male,Male,Gay,40s,White,Artist,Protagonist,No,,Yes,Engages in physical touch with other characters.,No,,No,,No,,No,
1997,Bent,Max,Male,Male,Gay,30s,White,None,Protagonist,Yes,Shot and killed.,No,,No,,No,,No,,No,
1997,Love! Valour! Compassion!,Gregory Mitchell,Male,Male,Gay,40s,White,Choreographer,Protagonist,Yes,Dies of AIDS-related complications.,No,,No,,No,,No,,No,
1997,Love! Valour! Compassion!,James Jeckyll,Male,Male,Gay,30s,White,Musician,Supporting,No,,Yes,Engages in physical touch with other characters.,Yes,Kisses Gregory Mitchell.,Yes,Implied sexual relations with Gregory Mitchell.,Yes,Discussed as a homosexual in the film.,Yes,Has relationships with Gregory Mitchell.
1997,Love! Valour! Compassion!,Perry Sellars,Male,Male,Gay,30s,White,Accountant,Supporting,No,,Yes,Engages in physical touch with other characters.,No,,No,,No,,No,
1997,Love! Valour! Compassion!,Buzz Hauser,Male,Male,Gay,40s,White,Costume Designer,Supporting,No,,Yes,Engages in physical touch with other characters.,No,,No,,No,,No,
1997,Love! Valour! Compassion!,Ramon Fornos,Male,Male,Gay,20s,Latino,Dancer,Supporting,No,,Yes,Engages in physical touch with other characters.,No,,No,,No,,No,
1997,Love! Valour! Compassion!,Arthur Pape,Male,Male,Gay,30s,White,Lawyer,Supporting,No,,Yes,Engages in physical touch with other characters.,No,,No,,No,,No,
1997,Love! Valour! Compassion!,Bobby Brahms,Male,Male,Gay,30s,White,Pianist,Supporting,No,,Yes,Engages in physical touch with other characters.,No,,No,,No,,No,
1997,Midnight in the Garden of Good and Evil,Jim Williams,Male,Male,Gay,50s,White,Antiques Dealer,Protagonist,No,,No,,No,,No,,No,,No,
1997,My Best Friend's Wedding,George Downes,Male,Male,Gay,30s,White,Editor,Supporting,No,,Yes,Engages in physical touch with other characters.,No,,No,,No,,No,
1997,Nowhere,Cowboy,Male,Male,Gay,20s,White,Unknown,Supporting,No,,Yes,Engages in physical touch with Bart.,No,,No,,No,,No,
1997,Nowhere,Bart,Male,Male,Gay,20s,White,Unknown,Supporting,No,,Yes,Engages in physical touch with Cowboy.,No,,No,,No,,No,
1997,Spice World,Himself,Male,Male,Gay,30s,White,Singer,Other,No,,No,,No,,No,,No,,No,
1997,Swept from the Sea,Dr. James Kennedy,Male,Male,Gay,30s,White,Doctor,Supporting,No,,No,,No,,No,,No,,No,
1997,Til There Was You,Gregory,Male,Male,Gay,30s,White,Architect,Supporting,No,,Yes,Engages in physical touch with other characters.,No,,No,,No,,No,
1997,Waiting for Guffman,Corky St. Clair,Male,Male,Gay,40s,White,Director,Protagonist,No,,Yes,Engages in physical touch with other characters.,No,,No,,No,,No,
1997,Wilde,Oscar Wilde,Male,Male,Gay,40s,White,Writer,Protagonist,Yes,Dies of meningitis.,No,,No,,No,,No,,No,
1997,Wilde,Lord Alfred 'Bosie' Douglas,Male,Male,Gay,20s,White,Poet,Supporting,No,,Yes,Engages in physical touch with Oscar Wilde and John Gray.,No,,No,,No,,No,
1997,Wilde,John Gray,Male,Male,Gay,20s,White,Poet,Supporting,No,,Yes,Engages in physical touch with Oscar Wilde and Lord Alfred 'Bosie' Douglas.,No,,No,,No,,No,
1998,Alice and Martin,Benjamin,Male,Male,Gay,20s,White,Unknown,Supporting,No,,Yes,Engages in physical touch with other characters.,No,,No,,No,,No,
1998,Bedrooms and Hallways,Darren,Male,Male,Gay,30s,White,Unknown,Supporting,No,,Yes,Engages in physical touch with other characters.,No,,No,,No,,No,
1998,Billy's Hollywood Screen Kiss,Billy Collier,Male,Male,Gay,30s,White,Photographer,Protagonist,No,,Yes,Engages in physical touch with Perry and Fernando.,Yes,Kisses Perry.,Yes,Implied sexual relations with Perry.,Yes,"""Billy : This.

Gabriel : Of course. And you're gay?

Billy : Do I act gay?

Gabriel : Kind of.""",Yes,Has relationships with Perry.
1998,Billy's Hollywood Screen Kiss,Perry,Male,Male,Gay,30s,White,Unknown,Supporting,No,,Yes,Engages in physical touch with Billy Collier and Fernando.,Yes,Kisses Billy Collier.,Yes,Implied sexual relations with Billy Collier.,Yes,Discussed as a homosexual in the film.,Yes,Has relationships with Billy Collier.
1998,Billy's Hollywood Screen Kiss,Fernando,Male,Male,Gay,20s,Latino,Unknown,Supporting,No,,Yes,Engages in physical touch with Billy Collier and Perry.,No,,No,,No,,No,
1998,Dark Harbor,Young Man,Male,Male,Gay,20s,White,Unknown,Supporting,No,,Yes,Engages in physical touch with other characters.,No,,No,,No,,No,
1998,Edge of Seventeen,Eric Hunter,Male,Male,Gay,Teens,White,Student,Protagonist,No,,Yes,Engages in physical touch with other characters.,No,,No,,No,,No,
1998,54,Steve Rubell,Male,Male,Gay,40s,White,Club Owner,Protagonist,No,,Yes,Engages in physical touch with other characters.,No,,No,,No,,No,
1998,Bishonen,Jet,Male,Male,Gay,20s,Asian,Police Officer,Protagonist,No,,Yes,Engages in physical touch with other characters.,No,,No,,No,,No,
1998,Get Real,Steven Carter,Male,Male,Gay,Teens,White,Student,Protagonist,No,,Yes,Engages in physical touch with John Dixon.,No,,No,,No,,No,
1998,Get Real,John Dixon,Male,Male,Gay,Teens,White,Student,Supporting,No,,Yes,Engages in physical touch with Steven Carter.,No,,No,,No,,No,
1998,Gods and Monsters,George Cukor,Male,Male,Gay,60s,White,Director,Supporting,Yes,Dies of natural causes.,No,,No,,No,,No,,No,
1998,Gods and Monsters,David Lewis,Male,Male,Gay,30s,White,Film Producer,Supporting,No,,Yes,Engages in physical touch with other characters.,No,,No,,No,,No,
1998,Gods and Monsters,James Whale,Male,Male,Gay,60s,White,Director,Protagonist,Yes,Commits suicide by drowning.,No,,No,,No,,No,,No,
1998,Head On,Ari,Male,Male,Gay,20s,White,None,Protagonist,No,,Yes,Engages in physical touch with other characters.,No,,No,,No,,No,
1998,Hold You Tight,A-che,Male,Male,Gay,30s,Asian,Unknown,Supporting,No,,Yes,Engages in physical touch with Tong.,No,,No,,No,,No,
1998,Hold You Tight,Tong,Male,Male,Gay,30s,Asian,Unknown,Supporting,No,,Yes,Engages in physical touch with A-che.,No,,No,,No,,No,
1998,Illuminata,Umberto Bevalaqua,Male,Male,Gay,30s,White,Playwright,Supporting,No,,Yes,Engages in physical touch with other characters.,No,,No,,No,,No,
1998,The Impostors,Mr. Sparks,Male,Male,Gay,40s,White,Actor,Supporting,No,,Yes,Engages in physical touch with other characters.,No,,No,,No,,No,
1998,The Object of My Affection,George Hanson,Male,Male,Gay,30s,White,Social Worker,Protagonist,No,,Yes,Engages in physical touch with other characters.,No,,No,,No,,No,
1998,The Opposite of Sex,Bill Truitt,Male,Male,Gay,40s,White,Teacher,Supporting,No,,Yes,Engages in physical touch with Matt Mateo.,Yes,Kisses Matt Mateo.,Yes,Implied sexual relations with Matt Mateo.,Yes,"""Bill Truitt : It's not just sex, Lucia. I CARE for Matt, alright?

Lucia : It IS sex, Bill. You just won't admit it. Cuz you wanna be above that. You wanna think that nothing that happened happened because you like sex.""",Yes,Has relationships with Matt Mateo.
1998,The Opposite of Sex,Matt Mateo,Male,Male,Gay,30s,White,Unknown,Supporting,No,,Yes,Engages in physical touch with Bill Truitt.,Yes,Kisses Bill Truitt.,Yes,Implied sexual relations with Bill Truitt.,Yes,"""I'm bisexual.""",Yes,Has relationships with Bill Truitt.
1998,The Velocity of Gary,Valentino,Male,Male,Gay,30s,Latino,Performer,Supporting,No,,Yes,Engages in physical touch with Gary.,No,,No,,No,,No,
1998,The Velocity of Gary,Gary,Male,Male,Gay,30s,White,Performer,Protagonist,Yes,Dies by suicide.,Yes,Engages in physical touch with Valentino.,No,,No,,No,,No,
1999,Advice from a Caterpillar,Spaz,Male,Male,Gay,20s,White,Actor,Supporting,No,,Yes,Engages in physical touch with other characters.,No,,No,,No,,No,
1999,American Beauty,Jim Berkley,Male,Male,Gay,40s,White,Lawyer,Supporting,No,,Yes,Engages in physical touch with Jim Olmeyer.,No,,No,,No,,No,
1999,American Beauty,Jim Olmeyer,Male,Male,Gay,40s,White,Doctor,Supporting,No,,Yes,Engages in physical touch with Jim Berkley.,No,,No,,No,,No,
1999,American Beauty,Frank Fitts,Male,Male,Closeted,40s,White,Colonel,Antagonist,Yes,Shot and killed.,No,,No,,No,,No,,No,
1999,Big Daddy,Phil D'Amato,Male,Male,Gay,30s,White,Lawyer,Supporting,No,,Yes,Engages in physical touch with Tommy Grayton.,No,,No,,No,,No,
1999,Big Daddy,Tommy Grayton,Male,Male,Gay,30s,White,Lawyer,Supporting,No,,Yes,Engages in physical touch with Phil D'Amato.,No,,No,,No,,No,
1999,The Big Tease,Crawford Mackenzie,Male,Male,Gay,30s,White,Hairdresser,Protagonist,No,,Yes,Engages in physical touch with other characters.,No,,No,,No,,No,
1999,Black and White,Terry Donager,Male,Male,Gay,30s,White,Filmmaker,Supporting,No,,Yes,Engages in physical touch with other characters.,No,,No,,No,,No,
1999,Blast from the Past,Troy,Male,Male,Gay,30s,White,Designer,Supporting,No,,Yes,Engages in physical touch with other characters.,No,,No,,No,,No,
1999,The Boondock Saints,Paul Smecker,Male,Male,Gay,30s,White,FBI Agent,Supporting,No,,Yes,Engages in physical touch with other characters.,No,,No,,No,,No,
1999,But I'm a Cheerleader,Dolph,Male,Male,Gay,Teens,White,Student,Supporting,No,,Yes,Engages in physical touch with other characters.,No,,No,,No,,No,
1999,But I'm a Cheerleader,Clayton Dunn,Male,Male,Gay,Teens,Black,Student,Supporting,No,,Yes,Engages in physical touch with other characters.,No,,No,,No,,No,
1999,But I'm a Cheerleader,Andre,Male,Male,Gay,Teens,Black,Student,Supporting,No,,Yes,Engages in physical touch with other characters.,No,,No,,No,,No,
1999,But I'm a Cheerleader,Joel Goldberg,Male,Male,Gay,Teens,White,Student,Supporting,No,,Yes,Engages in physical touch with other characters.,No,,No,,No,,No,
1999,But I'm a Cheerleader,Rock Brown,Male,Male,Gay,Teens,Black,Student,Supporting,No,,Yes,Engages in physical touch with other characters.,No,,No,,No,,No,
1999,But I'm a Cheerleader,Mike,Male,Male,Gay,Teens,White,Student,Supporting,No,,Yes,Engages in physical touch with other characters.,No,,No,,No,,No,
1999,But I'm a Cheerleader,Lloyd Morgan-Gordon,Male,Male,Gay,40s,White,None,Supporting,No,,Yes,Engages in physical touch with other characters.,No,,No,,No,,No,
1999,But I'm a Cheerleader,Larry Morgan-Gordon,Male,Male,Gay,40s,White,None,Supporting,No,,Yes,Engages in physical touch with other characters.,No,,No,,No,,No,
1999,Cruel Intentions,Blaine Tuttle,Male,Male,Gay,Teens,White,Student,Supporting,No,,Yes,Engages in physical touch with other characters.,No,,No,,No,,No,
1999,East Is East,Nazir 'Nigel' Khan,Male,Male,Gay,20s,Asian,Unknown,Supporting,No,,Yes,Engages in physical touch with other characters.,No,,No,,No,,No,
1999,Go,Adam,Male,Male,Gay,20s,White,Actor,Supporting,No,,Yes,Engages in physical touch with Zack.,No,,No,,No,,No,
1999,Go,Zack,Male,Male,Gay,20s,White,Actor,Supporting,No,,Yes,Engages in physical touch with Adam.,No,,No,,No,,No,
1999,"Happy, Texas",Sheriff Chappy Dent,Male,Male,Gay,40s,White,Sheriff,Supporting,No,,Yes,Engages in physical touch with other characters.,No,,No,,No,,No,
1999,It's the Rage,Chris,Male,Male,Gay,20s,White,Unknown,Supporting,No,,Yes,Engages in physical touch with Tim.,No,,No,,No,,No,
1999,It's the Rage,Tim,Male,Male,Gay,20s,White,Unknown,Supporting,No,,Yes,Engages in physical touch with Chris.,No,,No,,No,,No,
1999,Magnolia,"""Quiz Kid"" Donnie Smith",Male,Male,Gay,30s,White,Former Child Star,Supporting,No,,No,,No,,No,,No,,No,
1999,Man of the Century,Tim,Male,Male,Gay,30s,White,Unknown,Supporting,No,,Yes,Engages in physical touch with other characters.,No,,No,,No,,No,
1999,Second Skin,Diego,Male,Male,Gay,20s,Latino,Unknown,Supporting,No,,Yes,Engages in physical touch with other characters.,No,,No,,No,,No,
1999,Summer of Sam,Bobby Del Fiore,Male,Male,Gay,20s,White,Unknown,Supporting,No,,Yes,Engages in physical touch with other characters.,No,,No,,No,,No,
1999,The Talented Mr. Ripley,Peter Smith-Kingsley,Male,Male,Gay,20s,White,Scholar,Supporting,Yes,Murdered by Tom Ripley.,Yes,Engages in physical touch with Tom Ripley.,Yes,Kisses Tom Ripley.,Yes,,No,,No,
1999,Three to Tango,Peter Steinberg,Male,Male,Gay,30s,White,Architect,Supporting,No,,Yes,Engages in physical touch with other characters.,No,,No,,No,,No,
1999,Trick,Gabriel,Male,Male,Gay,20s,White,Musical Writer,Protagonist,No,,Yes,Engages in physical touch with Mark Miranda.,Yes,Kisses Mark Miranda.,Yes,Implied sexual relations with Mark Miranda.,Yes,Has relationships with Mark Miranda.,,
1999,Trick,Mark Miranda,Male,Male,Gay,20s,White,Dancer,Supporting,No,,Yes,Engages in physical touch with Gabriel.,Yes,Kisses Gabriel.,Yes,Implied sexual relations with Gabriel.,Yes,Has relationships with Gabriel.,,
1999,The Underground Comedy Movie,Gay Man,Male,Male,Gay,Unknown,White,Unknown,Other,No,,Yes,Engages in physical touch with other characters.,No,,No,,No,,No,
1999,The Underground Comedy Movie,Gay Virgin,Male,Male,Gay,Unknown,White,Unknown,Other,No,,Yes,Engages in physical touch with other characters.,No,,No,,No,,No,
2010,Beginners,Hal,Male,Cisgender,Gay,75,White,Museum Director,Supporting,Yes,Dies of cancer.,Yes,Engages in physical touch with other characters.,No,,No,,No,,No,
2010,Burlesque,Sean,Male,Cisgender,Gay,30s,White,Dancer,Supporting,No,,Yes,Engages in physical touch with other characters.,No,,No,,No,,No,
2010,Death at a Funeral,Frank Lovett,Male,Cisgender,Gay,60s,Black,Uncle,Supporting,No,,Yes,Engages in physical touch with other characters.,No,,No,,No,,No,
2010,Dirty Girl,Clarke Walters,Male,Cisgender,Gay,Teen,White,High School Student,Protagonist,No,,Yes,Engages in physical touch with other characters.,No,,No,,No,,No,
2010,Easy A,Brandon,Male,Cisgender,Gay,Teen,White,High School Student,Supporting,No,,Yes,Engages in physical touch with other characters.,No,,No,,No,,No,
2010,Every Day,Jonah Freed,Male,Cisgender,Gay,40s,White,Writer,Supporting,No,,Yes,Engages in physical touch with other characters.,No,,No,,No,,No,
2010,For Colored Girls,Carl Bradmore,Male,Cisgender,Gay,30s,Black,Veteran,Supporting,No,,Yes,Engages in physical touch with other characters.,No,,No,,No,,No,
2010,Howl,Allen Ginsberg,Male,Cisgender,Gay,30s,White,Poet,Protagonist,No,,Yes,Engages in physical touch with Peter Orlovsky.,Yes,Kisses Peter Orlovsky.,Yes,,No,,No,
2010,Howl,Peter Orlovsky,Male,Cisgender,Gay,30s,White,Poet,Supporting,No,,Yes,Engages in physical touch with Allen Ginsberg.,Yes,Kisses Allen Ginsberg.,Yes,,No,,No,
2010,Kaboom,Oliver,Male,Cisgender,Gay,20s,White,College Student,Protagonist,No,,Yes,Engages in physical touch with other characters.,No,,No,,No,,No,
2010,The Last Exorcism,Logan,Male,Cisgender,Gay,Teen,White,High School Student,Supporting,No,,Yes,Engages in physical touch with other characters.,No,,No,,No,,No,
2010,Scott Pilgrim vs. the World,Scott aka 'Other Scott',Male,Cisgender,Gay,20s,White,Musician,Supporting,No,,Yes,Engages in physical touch with other characters.,No,,No,,No,,No,
2010,Scott Pilgrim vs. the World,Stephen Stills,Male,Cisgender,Bisexual,20s,White,Musician,Supporting,No,,Yes,Engages in physical touch with other characters.,No,,No,,No,,No,
2010,Scott Pilgrim vs. the World,Wallace Wells,Male,Cisgender,Gay,20s,White,Roommate,Supporting,No,,Yes,Engages in physical touch with other characters.,No,,No,,No,,No,
2010,Valentine's Day,Sean Jackson,Male,Cisgender,Gay,30s,Black,Professional Football Player,Supporting,No,,Yes,Engages in physical touch with other characters.,No,,No,,No,,No,
2010,Valentine's Day,Holden Wilson,Male,Cisgender,Gay,30s,White,Publicist,Supporting,No,,Yes,Engages in physical touch with other characters.,No,,No,,No,,No,
2011,Bernie,Bernie Tiede,Male,Cisgender,Gay,40s,White,Mortician,Protagonist,No,,Yes,Engages in physical touch with other characters.,No,,No,,No,,No,
2011,The Broken Tower,Hart Crane,Male,Cisgender,Gay,30s,White,Poet,Protagonist,Yes,Commits suicide.,Yes,Engages in physical touch with Emile Opffer.,Yes,Kisses Emile Opffer.,Yes,,No,,No,
2011,The Broken Tower,Emile Opffer,Male,Cisgender,Gay,30s,White,Sailor,Supporting,Yes,Commits suicide.,Yes,Engages in physical touch with Hart Crane.,Yes,Kisses Hart Crane.,Yes,,No,,No,
2011,J. Edgar,J. Edgar Hoover,Male,Cisgender,Closeted,50s,White,FBI Director,Protagonist,No,,Yes,Engages in physical touch with other characters.,No,,No,,Yes,Clyde Tolson states he is gay.,Yes,Clyde Tolson is his partner.
2011,Just Go With It,Ian Maxtone-Jones,Male,Cisgender,Bisexual,40s,White,Wealthy Heir,Antagonist,No,,Yes,Engages in physical touch with other characters.,No,,No,,No,,No,
2011,The Ledge,Chris,Male,Cisgender,Gay,20s,White,Hotel Manager,Supporting,Yes,Commits suicide.,Yes,Engages in physical touch with other characters.,Yes,Kisses other male characters.,Yes,,No,,No,
2012,Celeste and Jesse Forever,Scott,Male,Cisgender,Gay,30s,White,Friend,Supporting,No,,Yes,Engages in physical touch with other characters.,No,,No,,No,,No,
2012,Cloud Atlas,Rufus Sixsmith,Male,Cisgender,Gay,60s,White,Scientist,Supporting,Yes,Killed by a hitman.,Yes,Engages in physical touch with Robert Frobisher.,Yes,Kisses Robert Frobisher.,Yes,,No,,No,
2012,"For a Good Time, Call...",Jesse,Male,Cisgender,Gay,20s,White,Friend,Supporting,No,,Yes,Engages in physical touch with other characters.,No,,No,,No,,No,
2012,Four,Joe,Male,Cisgender,Gay,40s,Black,Married Man,Protagonist,No,,Yes,Engages in physical touch with other characters.,No,,No,,No,,No,
2012,Hit and Run,Terry Rathbinn,Male,Cisgender,Gay,40s,White,U.S. Marshal,Supporting,No,,Yes,Engages in physical touch with other characters.,No,,No,,No,,No,
2012,On the Road,Tall thin salesman,Male,Cisgender,Gay,Unknown,White,Salesman,Supporting,No,,Yes,Engages in physical touch with other characters.,No,,No,,No,,No,
2012,The Paperboy,Ward Jansen,Male,Cisgender,Gay,30s,White,Reporter,Protagonist,No,,Yes,Engages in physical touch with other characters.,No,,No,,No,,No,
2012,The Perks of Being a Wallflower,Brad,Male,Cisgender,Closeted,Teen,White,High School Student,Supporting,No,,Yes,Engages in physical touch with other characters.,No,,No,,No,,No,
2012,The Perks of Being a Wallflower,Patrick,Male,Cisgender,Gay,Teen,White,High School Student,Supporting,No,,Yes,Engages in physical touch with other characters.,Yes,Kisses other male characters.,Yes,,No,,No,
2012,Rock of Ages,Lonny Barnett,Male,Cisgender,Bisexual,30s,White,Assistant Manager,Supporting,No,,Yes,Engages in physical touch with other characters.,No,,No,,No,,No,
2012,Rock of Ages,Dennis Dupree,Male,Cisgender,Bisexual,40s,White,Club Owner,Supporting,No,,Yes,Engages in physical touch with other characters.,No,,No,,No,,No,
2012,Sassy Pants,Chip Hardy,Male,Cisgender,Gay,40s,White,Boyfriend,Supporting,No,,Yes,Engages in physical touch with other characters.,No,,No,,No,,No,
2012,Sassy Pants,Dale Pinto,Male,Cisgender,Gay,40s,White,Mobile Home Owner,Supporting,No,,Yes,Engages in physical touch with other characters.,No,,No,,No,,No,
2012,Struck by Lightning,Nicholas Forbes,Male,Cisgender,Gay,Teen,White,High School Student,Supporting,No,,Yes,Engages in physical touch with other characters.,No,,No,,No,,No,
2012,Struck by Lightning,Scott Thomas,Male,Cisgender,Gay,Teen,White,High School Student,Supporting,No,,Yes,Engages in physical touch with other characters.,No,,No,,No,,No,
2012,Ted,Guy,Male,Cisgender,Gay,30s,White,Rental Car Employee,Supporting,No,,Yes,Engages in physical touch with other characters.,No,,No,,No,,No,
2012,Ted,Jared,Male,Cisgender,Gay,20s,White,Rental Car Employee,Supporting,No,,Yes,Engages in physical touch with other characters.,No,,No,,No,,No,
2013,After the Dark,Jack,Male,Cisgender,Gay,20s,White,Student,Supporting,No,,Yes,Engages in physical touch with other characters.,No,,No,,No,,No,
2013,Baggage Claim,Sam,Male,Cisgender,Gay,30s,Black,Flight Attendant,Supporting,No,,Yes,Engages in physical touch with other characters.,No,,No,,No,,No,
2013,The Bling Ring,Marc Hall,Male,Cisgender,Gay,Teen,White,High School Student,Protagonist,No,,Yes,Engages in physical touch with other characters.,No,,No,,No,,No,
2013,G.B.F.,Tanner Daniels,Male,Cisgender,Gay,Teen,White,High School Student,Protagonist,No,,Yes,Engages in physical touch with other characters.,No,,No,,Yes,Brent Van Camp states he is gay.,Yes,Brent Van Camp is his partner.
2013,G.B.F.,Brent Van Camp,Male,Cisgender,Gay,Teen,White,High School Student,Supporting,No,,Yes,Engages in physical touch with other characters.,No,,No,,Yes,Tanner Daniels states he is gay.,Yes,Tanner Daniels is his partner.
2013,Geography Club,Russell Middlebrook,Male,Cisgender,Gay,Teen,White,High School Student,Protagonist,No,,Yes,Engages in physical touch with other characters.,No,,No,,No,,No,
2013,Grown Ups 2,Kyle,Male,Cisgender,Gay,Teen,White,High School Student,Supporting,No,,Yes,Engages in physical touch with other characters.,No,,No,,No,,No,
2013,Grown Ups 2,Nick,Male,Cisgender,Gay,Teen,White,High School Student,Supporting,No,,Yes,Engages in physical touch with other characters.,No,,No,,No,,No,
2013,Kick-Ass 2,Insect-Man,Male,Cisgender,Gay,Unknown,White,Superhero,Supporting,No,,Yes,Engages in physical touch with other characters.,No,,No,,No,,No,
2013,The Mortal Instruments: City of Bones,Alec Lightwood,Male,Cisgender,Gay,Teen,White,Shadowhunter,Supporting,No,,Yes,Engages in physical touch with other characters.,Yes,Kisses other male characters.,Yes,,Yes,Other characters mention his relationship with Magnus Bane; Magnus Bane states he is gay.,Yes,Magnus Bane is his partner.
2013,Philomena,Michael,Male,Cisgender,Gay,Adult,White,Lawyer,Supporting,No,,Yes,Engages in physical touch with other characters.,No,,No,,No,,No,
2013,Pit Stop,Ernesto,Male,Cisgender,Gay,30s,Latino,Factory Worker,Protagonist,No,,Yes,Engages in physical touch with Gabe.,No,,No,,No,,No,
2013,Pit Stop,Gabe,Male,Cisgender,Gay,30s,White,Construction Worker,Protagonist,No,,Yes,Engages in physical touch with Ernesto.,No,,No,,No,,No,
2014,Blackbird,Randy Rousseau,Male,Cisgender,Gay,Teen,Black,High School Student,Protagonist,No,,Yes,Engages in physical touch with other characters.,No,,No,,No,,No,
2014,Boulevard,Nolan Mack,Male,Cisgender,Gay,60s,White,Bank Employee,Protagonist,No,,Yes,Engages in physical touch with other characters.,No,,No,,No,,No,
2014,Dear White People,Lionel Higgins,Male,Cisgender,Gay,College,Black,College Student,Supporting,No,,Yes,Engages in physical touch with other characters.,No,,No,,No,,No,
2014,The Imitation Game,Alan Turing,Male,Cisgender,Gay,30s,White,Mathematician,Protagonist,Yes,Commits suicide.,Yes,Engages in physical touch with Christopher Morcom.,No,,No,,Yes,Christopher Morcom states he is gay.,No,
2014,The Imitation Game,Christopher Morcom,Male,Cisgender,Gay,Teen,White,Inspirational Figure,Supporting,Yes,Dies from illness.,Yes,Engages in physical touch with Alan Turing.,No,,No,,Yes,Alan Turing states he is gay.,No,
2014,Love Is Strange,George Garea,Male,Cisgender,Gay,60s,White,Music Teacher,Protagonist,No,,Yes,Engages in physical touch with other characters.,Yes,Kisses Ben Hull.,No,,Yes,Ben Hull states he is gay.,Yes,Ben Hull is his partner.
2014,Love Is Strange,Ben Hull,Male,Cisgender,Gay,60s,White,Painter,Protagonist,No,,Yes,Engages in physical touch with other characters.,Yes,Kisses George Garea.,No,,Yes,George Garea states he is gay.,Yes,George Garea is his partner.
2014,Obvious Child,Joey,Male,Cisgender,Gay,30s,White,Comedian,Supporting,No,,Yes,Engages in physical touch with other characters.,No,,No,,No,,No,
2014,The Skeleton Twins,Milo Dean,Male,Cisgender,Gay,30s,White,Actor,Protagonist,No,,Yes,Engages in physical touch with other characters.,No,,No,,No,,No,
2014,Space Station 76,Captain Glenn Terry,Male,Cisgender,Gay,40s,White,Space Captain,Protagonist,No,,Yes,Engages in physical touch with other characters.,No,,No,,No,,No,
2014,Space Station 76,Daniel,Male,Cisgender,Gay,30s,White,Technician,Supporting,No,,Yes,Engages in physical touch with other characters.,No,,No,,No,,No,
2014,White Bird in a Blizzard,Mickey,Male,Cisgender,Gay,Teen,White,Friend,Supporting,No,,Yes,Engages in physical touch with other characters.,No,,No,,No,,No,
2015,4th Man Out,Adam,Male,Cisgender,Gay,20s,White,Mechanic,Protagonist,No,,Yes,Engages in physical touch with other characters.,No,,No,,No,,No,
2015,American Ultra,Petey Douglas,Male,Cisgender,Gay,20s,White,Friend,Supporting,No,,Yes,Engages in physical touch with other characters.,No,,No,,No,,No,
2015,Burnt,Tony Balerdi,Male,Cisgender,Gay,30s,White,Chef,Supporting,No,,Yes,Engages in physical touch with other characters.,No,,No,,No,,No,
2015,Entourage,Lloyd Lee,Male,Cisgender,Gay,30s,Asian,Talent Agent,Supporting,No,,Yes,Engages in physical touch with other characters.,No,,No,,No,,No,
2015,Get Hard,Chris,Male,Cisgender,Gay,30s,White,Gym Trainer,Supporting,No,,Yes,Engages in physical touch with other characters.,No,,No,,No,,No,
2015,James White,Nick,Male,Cisgender,Gay,20s,White,Friend,Supporting,No,,Yes,Engages in physical touch with other characters.,No,,No,,No,,No,
2015,Legend,Ronnie Kray,Male,Cisgender,Bisexual,30s,White,Gangster,Protagonist,Yes,Shot and killed.,Yes,Engages in physical touch with Teddy Smith.,Yes,Kisses Teddy Smith.,No,,Yes,Teddy Smith states he is gay.,Yes,Teddy Smith is his partner.
2015,Legend,Teddy Smith,Male,Cisgender,Gay,30s,White,Gangster,Supporting,Yes,Shot and killed.,Yes,Engages in physical touch with Ronnie Kray.,Yes,Kisses Ronnie Kray.,No,,Yes,Ronnie Kray states he is gay.,Yes,Ronnie Kray is his partner.
2015,Stonewall,Danny Winters,Male,Cisgender,Gay,Teen,White,Activist,Protagonist,No,,Yes,Engages in physical touch with other characters.,Yes,Kisses Trevor.,No,,No,,No,
2015,Those People,Charlie,Male,Cisgender,Gay,20s,White,Artist,Protagonist,No,,Yes,Engages in physical touch with Sebastian.,No,,No,,No,,No,
2015,Those People,Sebastian,Male,Cisgender,Gay,20s,White,Socialite,Supporting,No,,Yes,Engages in physical touch with Charlie.,No,,No,,No,,No,
2015,Wild Horses,Ben Briggs,Male,Cisgender,Gay,40s,White,Sheriff,Supporting,No,,Yes,Engages in physical touch with other characters.,No,,No,,No,,No,
2016,Absolutely Fabulous: The Movie,Himself,Male,Cisgender,Gay,Unknown,Unknown,Celebrity,Cameo,N/A,N/A,N/A,,N/A,,N/A,,N/A,,N/A,
2016,As You Are,Jack,Male,Cisgender,Gay,Teen,White,High School Student,Protagonist,No,,Yes,Engages in physical touch with Mark.,No,,No,,No,,No,
2016,As You Are,Mark,Male,Cisgender,Gay,Teen,White,High School Student,Supporting,No,,Yes,Engages in physical touch with Jack.,No,,No,,No,,No,
2016,Cell,Thomas 'Tom' McCourt,Male,Cisgender,Gay,40s,White,Engineer,Supporting,No,,Yes,Engages in physical touch with other characters.,No,,No,,No,,No,
2016,Curmudgeons,Jackie,Male,Cisgender,Gay,80s,White,Retiree,Protagonist,No,,Yes,Engages in physical touch with Ralph Pajovic.,No,,No,,No,,No,
2016,Curmudgeons,Ralph Pajovic,Male,Cisgender,Gay,80s,White,Retiree,Protagonist,No,,Yes,Engages in physical touch with Jackie.,No,,No,,No,,No,
2016,Dirty Grandpa,Bradley,Male,Cisgender,Gay,20s,White,Partygoer,Supporting,No,,Yes,Engages in physical touch with other characters.,No,,No,,No,,No,
2016,Independence Day: Resurgence,Dr. Brackish Okun,Male,Cisgender,Gay,50s,White,Scientist,Supporting,No,,Yes,Engages in physical touch with Dr. Isaacs.,No,,No,,No,,No,
2016,Independence Day: Resurgence,Dr. Isaacs,Male,Cisgender,Gay,50s,White,Assistant,Supporting,No,,Yes,Engages in physical touch with Dr. Brackish Okun.,No,,No,,No,,No,
2016,King Cobra,Brent Corrigan,Male,Cisgender,Gay,20s,White,Adult Film Star,Protagonist,No,,Yes,Engages in physical touch with other characters.,Yes,Kisses Harlow Cuadra.,Yes,,No,,No,
2016,King Cobra,Harlow Cuadra,Male,Cisgender,Gay,20s,White,Adult Film Star,Antagonist,No,,Yes,Engages in physical touch with other characters.,Yes,Kisses Brent Corrigan.,Yes,,No,,No,
2016,King Cobra,Joe Kerekes,Male,Cisgender,Gay,30s,White,Adult Film Producer,Antagonist,No,,Yes,Engages in physical touch with other characters.,No,,No,,No,,No,
2016,King Cobra,Bryan Kocis,Male,Cisgender,Gay,40s,White,Adult Film Producer,Supporting,Yes,Murdered.,Yes,Engages in physical touch with Mikey.,No,,No,,No,,No,
2016,King Cobra,Mikey,Male,Cisgender,Gay,20s,White,Friend,Supporting,Yes,Murdered.,Yes,Engages in physical touch with Bryan Kocis.,No,,No,,No,,No,
2016,Miss Stevens,Sam,Male,Cisgender,Gay,Teen,White,High School Student,Supporting,No,,Yes,Engages in physical touch with other characters.,No,,No,,No,,No,
2016,Moonlight,Chiron Harris ('Little' / 'Black'),Male,Cisgender,Gay,Teen/Adult,Black,Student/Chef,Protagonist,No,,Yes,Engages in physical touch with other characters.,Yes,Kisses Kevin.,Yes,,Yes,Kevin states he is gay.,Yes,Kevin is his partner.
2016,Neighbors 2: Sorority Rising,Pete Regazolli,Male,Cisgender,Gay,20s,White,Former Frat Brother,Supporting,No,,Yes,Engages in physical touch with other characters.,No,,No,,No,,No,
2016,Nocturnal Animals,Carlos Holt,Male,Cisgender,Gay,30s,Hispanic,Art Gallery Assistant,Supporting,Yes,Shot.,Yes,Engages in physical touch with other characters.,No,,No,,No,,No,
2016,Other People,David Mulcahey,Male,Cisgender,Gay,30s,White,Writer,Protagonist,No,,Yes,Engages in physical touch with Paul.,No,,No,,No,,No,
2016,Other People,Paul,Male,Cisgender,Gay,30s,White,Boyfriend,Supporting,Yes,Dies from cancer.,Yes,Engages in physical touch with David Mulcahey.,No,,No,,No,,No,
2016,Spa Night,David,Male,Cisgender,Gay,Teen,Asian,Student,Protagonist,No,,Yes,Engages in physical touch with other characters.,No,,No,,No,,No,
2016,Tallulah,Andreas,Male,Cisgender,Gay,30s,White,Concierge,Supporting,No,,Yes,Engages in physical touch with Stephen Mooney.,No,,No,,No,,No,
2016,Tallulah,Stephen Mooney,Male,Cisgender,Gay,30s,White,Child Services Agent,Supporting,No,,Yes,Engages in physical touch with Andreas.,No,,No,,No,,No,
2017,Alien: Covenant,Carl Lope,Male,Cisgender,Gay,30s,Hispanic,Security Officer,Supporting,Yes,Killed by alien.,No,,No,,No,,No,,No,
2017,Alien: Covenant,Hallett,Male,Cisgender,Gay,30s,White,Security Officer,Supporting,Yes,Killed by alien.,No,,No,,No,,No,,No,
2017,Battle of the Sexes,Ted Tinling,Male,Cisgender,Gay,70s,White,Tennis Designer,Supporting,No,,Yes,Engages in physical touch with other characters.,No,,No,,No,,No,
2017,Beach Rats,Frankie,Male,Cisgender,Gay,Teen,White,Student,Protagonist,Yes,Shot.,Yes,Engages in physical touch with other characters.,No,,No,,No,,No,
2017,Beauty and the Beast,LeFou,Male,Cisgender,Gay,30s,White,Villager,Supporting,No,,Yes,Engages in physical touch with other characters.,Yes,Kisses another male character.,No,,Yes,Other characters state he is gay.,No,
2017,Lady Bird,Danny O'Neill,Male,Cisgender,Gay,Teen,White,High School Student,Supporting,No,,Yes,Engages in physical touch with other characters.,No,,No,,No,,No,
2017,My Friend Dahmer,Jeffrey Dahmer,Male,Cisgender,Gay,Teen,White,Student,Protagonist,No,,Yes,Engages in physical touch with other characters.,No,,No,,No,,No,
2017,Permission,Hale,Male,Cisgender,Gay,30s,White,Artist,Supporting,No,,Yes,Engages in physical touch with Reece.,No,,No,,No,,No,
2017,Permission,Reece,Male,Cisgender,Gay,30s,White,Musician,Supporting,No,,Yes,Engages in physical touch with Hale.,No,,No,,No,,No,
2017,The Shape of Water,Giles,Male,Cisgender,Gay,60s,White,Artist,Supporting,No,,Yes,Engages in physical touch with other characters.,No,,No,,No,,No,
2017,Speech & Debate,Howie,Male,Cisgender,Gay,Teen,White,High School Student,Supporting,No,,Yes,Engages in physical touch with other characters.,No,,No,,No,,No,
2017,Tom of Finland,Touko Laaksonen,Male,Cisgender,Gay,40s,White,Artist,Protagonist,No,,No,,No,,No,,No,,No,
2018,Alex Strangelove,Alex Truelove,Male,Cisgender,Gay,Teen,White,High School Student,Protagonist,No,,Yes,Engages in physical touch with Elliott.,Yes,Kisses Elliott.,No,,Yes,Elliott states he is gay.,Yes,Elliott is his partner.
2018,Alex Strangelove,Elliott,Male,Cisgender,Gay,Teen,White,High School Student,Supporting,No,,Yes,Engages in physical touch with Alex Truelove.,Yes,Kisses Alex Truelove.,No,,Yes,Alex Truelove states he is gay.,Yes,Alex Truelove is his partner.
2018,Bird Box,Greg,Male,Cisgender,Gay,30s,Black,Homeowner,Supporting,Yes,Commits suicide.,No,,No,,No,,No,,No,
2018,Bohemian Rhapsody,Jim Hutton,Male,Cisgender,Gay,30s,White,Partner of Freddie Mercury,Supporting,No,,Yes,Engages in physical touch with John Reid.,Yes,Kisses John Reid.,No,,Yes,Freddie Mercury states he is gay.,Yes,Freddie Mercury is his partner.
2018,Bohemian Rhapsody,Paul Prenter,Male,Cisgender,Gay,30s,White,Manager,Antagonist,Yes,Dies from AIDS.,Yes,Engages in physical touch with other characters.,No,,No,,Yes,Freddie Mercury states he is gay.,No,
2018,Bohemian Rhapsody,John Reid,Male,Cisgender,Gay,30s,White,Manager,Supporting,No,,Yes,Engages in physical touch with Jim Hutton.,Yes,Kisses Jim Hutton.,No,,Yes,Freddie Mercury states he is gay.,Yes,Freddie Mercury is his partner.
2018,Boy Erased,Jared Eamons,Male,Cisgender,Gay,Teen,White,Student,Protagonist,No,,Yes,Engages in physical touch with other characters.,No,,No,,Yes,His parents state he is gay.,No,
2018,Can You Ever Forgive Me?,Jack Hock,Male,Cisgender,Gay,40s,White,Friend,Supporting,Yes,Dies from AIDS.,Yes,Engages in physical touch with other characters.,No,,No,,Yes,Lee Israel states he is gay.,No,
2018,Come Sunday,Reggie,Male,Cisgender,Gay,30s,Black,Choir Director,Supporting,No,,Yes,Engages in physical touch with other characters.,No,,No,,No,,No,
2018,Crazy Rich Asians,Oliver T'sien,Male,Cisgender,Gay,30s,Asian,Cousin,Supporting,No,,Yes,Engages in physical touch with other characters.,No,,No,,No,,No,
2018,"Don't Worry, He Won't Get Far on Foot",Donnie,Male,Cisgender,Gay,40s,White,AA Sponsor,Supporting,No,,Yes,Engages in physical touch with other characters.,No,,No,,No,,No,
2018,"Don't Worry, He Won't Get Far on Foot",Martingale,Male,Cisgender,Gay,30s,White,AA Member,Supporting,No,,Yes,Engages in physical touch with other characters.,No,,No,,No,,No,
2018,Green Book,Don Shirley,Male,Cisgender,Gay,50s,Black,Musician,Protagonist,Yes,Dies of heart failure.,Yes,Engages in physical touch with other characters.,No,,No,,Yes,Tony Lip states he is gay.,No,
2018,Ideal Home,Erasmus Brumble,Male,Cisgender,Gay,50s,White,TV Personality,Protagonist,No,,Yes,Engages in physical touch with Paul Morgan.,Yes,Kisses Paul Morgan.,No,,Yes,Paul Morgan is his partner.,Yes,with Paul Morgan.
2018,Ideal Home,Paul Morgan,Male,Cisgender,Gay,40s,White,Producer,Protagonist,No,,Yes,Engages in physical touch with Erasmus Brumble.,Yes,Kisses Erasmus Brumble.,No,,Yes,Erasmus Brumble is his partner.,Yes,with Erasmus Brumble.
2018,"Love, Simon",Simon Spier,Male,Cisgender,Gay,Teen,White,High School Student,Protagonist,No,,Yes,Engages in physical touch with Bram Greenfeld.,Yes,Kisses Bram Greenfeld.,No,,Yes,Bram Greenfeld is his partner.,Yes,with Bram Greenfeld.
2018,"Love, Simon",Bram Greenfeld,Male,Cisgender,Gay,Teen,Black,High School Student,Supporting,No,,Yes,Engages in physical touch with Simon Spier.,Yes,Kisses Simon Spier.,No,,Yes,Simon Spier is his partner.,Yes,with Simon Spier.
2018,Mary Queen of Scots,Lord Darnley,Male,Cisgender,Bisexual,20s,White,Noble,Supporting,Yes,Murdered.,No,,No,,No,,No,,No,
2018,Mary Queen of Scots,David Rizzio,Male,Cisgender,Gay,20s,White,Secretary,Supporting,Yes,Murdered.,No,,No,,No,,No,,No,
2018,Set It Up,Duncan,Male,Cisgender,Gay,30s,White,Sports Reporter,Supporting,No,,Yes,Engages in physical touch with other characters.,No,,No,,No,,No,
2018,To All the Boys I've Loved Before,Lucas Krapf,Male,Cisgender,Gay,Teen,Black,High School Student,Supporting,No,,Yes,Engages in physical touch with other characters.,No,,No,,No,,No,
2018,Truth or Dare,Brad Chang,Male,Cisgender,Gay,Teen,Asian,College Student,Supporting,No,,No,,No,,No,,No,,No,
2019,Booksmart,George,Male,Cisgender,Gay,Teen,White,High School Student,Supporting,No,,Yes,Engages in physical touch with Alan.,No,,No,,No,,No,
2019,Booksmart,Alan,Male,Cisgender,Gay,Teen,White,High School Student,Supporting,No,,Yes,Engages in physical touch with George.,No,,No,,No,,No,
2019,Frankie,Michel,Male,Cisgender,Gay,50s,White,Husband,Supporting,No,,Yes,Engages in physical touch with other characters.,No,,No,,No,,No,
2019,The Gentlemen,Fletcher,Male,Cisgender,Gay,40s,White,Private Investigator,Supporting,No,,No,,No,,No,,No,,No,
2019,The Good Liar,Steven,Male,Cisgender,Gay,30s,White,Accountant,Supporting,No,,Yes,Engages in physical touch with Michael.,No,,No,,Yes,Betty states he is gay.,No,
2019,The Good Liar,Michael,Male,Cisgender,Gay,30s,White,Accountant,Supporting,No,,Yes,Engages in physical touch with Steven.,No,,No,,Yes,Betty states he is gay.,No,
2019,Isn't It Romantic,Donny,Male,Cisgender,Gay,30s,White,Neighbor,Supporting,No,,Yes,Engages in physical touch with other characters.,No,,No,,No,,No,
2019,Jojo Rabbit,Captain Klenzendorf,Male,Cisgender,Gay,40s,White,Army Officer,Supporting,No,,Yes,Engages in physical touch with Freddy Finkel.,No,,No,,No,,No,
2019,Jojo Rabbit,Freddy Finkel,Male,Cisgender,Gay,30s,White,Soldier,Supporting,No,,Yes,Engages in physical touch with Captain Klenzendorf.,No,,No,,No,,No,
2019,Judy,Dan,Male,Cisgender,Gay,30s,White,Fan,Supporting,No,,No,,No,,No,,No,,No,
2019,Judy,Stan,Male,Cisgender,Gay,30s,White,Fan,Supporting,No,,No,,No,,No,,No,,No,
2019,Monsoon,Kit,Male,Cisgender,Gay,30s,Asian,Photographer,Protagonist,No,,Yes,Engages in physical touch with Lewis.,No,,No,,No,,No,
2019,Monsoon,Lewis,Male,Cisgender,Gay,30s,White,Artist,Supporting,No,,Yes,Engages in physical touch with Kit.,No,,No,,No,,No,
2019,The Obituary of Tunde Johnson,Tunde Johnson,Male,Cisgender,Gay,Teen,Black,Student,Protagonist,Yes,Killed by police.,No,,No,,No,,Yes,Family and friends state he is gay.,No,
2019,Rocketman,Elton John,Male,Cisgender,Gay,30s,White,Musician,Protagonist,No,,Yes,Engages in physical touch with John Reid.,Yes,Kisses John Reid.,No,,No,,No,
2019,Rocketman,John Reid,Male,Cisgender,Gay,30s,White,Manager,Supporting,No,,Yes,Engages in physical touch with Elton John.,Yes,Kisses Elton John.,No,,No,,No,
2019,Straight Up,Ryder,Male,Cisgender,Gay,20s,White,Actor,Supporting,No,,Yes,Engages in physical touch with Todd.,No,,No,,No,,No,
2019,Straight Up,Todd,Male,Cisgender,Gay,20s,White,Screenwriter,Protagonist,No,,Yes,Engages in physical touch with Ryder.,No,,No,,No,,No,
2019,What Men Want,Brandon Wallace,Male,Cisgender,Gay,20s,Black,Sports Agent,Supporting,No,,Yes,Engages in physical touch with other characters.,No,,No,,No,,No,
